primeiro_nome,sobrenome,email,idade,genero,username,password,hash
Olga, Jimenez, olga.jimenez@example.com, 44, female, beautifulbutterfly687, musica, 0babfcd5d47829eed38c25f873c2c771
Clyde, Jenkins, clyde.jenkins@example.com, 51, male, bluefrog384, jester, 7fdb2482f44c0171c0327327194f3e39
Tammy, Wade, tammy.wade@example.com, 70, female, brownsnake516, dingo, 02678d8c992dd6a068c5661b31866f85
Marshall, Cooper, marshall.cooper@example.com, 44, male, tinykoala250, banshee, 124c546cf6b35e8c386b92ce91259b5f
Alexis, Roy, alexis.roy@example.com, 41, male, tinybutterfly278, blondie, d9a2cdc5ffa44bd48f91d8159e9ce429
Lauren, Johnson, lauren.johnson@example.com, 34, female, bluekoala141, ripley, a7ca269e0c2b03c6c235ae2e86988e8b
Clara, Williams, clara.williams@example.com, 64, female, smallsnake348, breeze, 4014c86d68f5f0d33cae2e0687c2d988
یاسمن, قاسمی, ysmn.qsmy@example.com, 51, female, silverswan757, cold, 08ac41531bfff33a916d0a4298b813b9
Lea, Roy, lea.roy@example.com, 71, female, purpleelephant935, sheba, c0c144e9460641a8fb9dabbddbead421
Nella, Aho, nella.aho@example.com, 66, female, silvermouse534, snappy, 2ec9a837160f1c2180fada7cf0216ee3
Felisberta, Santos, felisberta.santos@example.com, 60, female, lazyleopard440, zach, 36f6f68e198189ebc98945617ddeb71c
Fennetje, Gierveld, fennetje.gierveld@example.com, 55, female, angryzebra572, start1, d9e984101c85dd6e7d557bcfd4b99f87
Jack, Johnson, jack.johnson@example.com, 38, male, whitemouse451, 7654321, 5780f5ea7c19d594223dff95225daa3a
Melanie, Obrien, melanie.obrien@example.com, 56, female, silvermeercat845, athena, fcd725796406fb7d2a371ae40948c595
Nina, Singh, nina.singh@example.com, 57, female, beautifulostrich132, deluxe, 4b4692b579ce15ea253d6bbf52ac59dd
Jeremy, Hall, jeremy.hall@example.com, 40, male, organicelephant885, whiteboy, c02f7ba658645abd8fb85a3e5d353e53
Emre, Beşerler, emre.beserler@example.com, 53, male, crazyfish251, qwerqwer, f4863363ff0501804c86043b13115105
Carlos, Vicente, carlos.vicente@example.com, 51, male, orangegoose747, audio, 4295c4d6f4332f0aaff6b283d00bd4e1
Miguel, Campbell, miguel.campbell@example.com, 51, male, bluedog311, gorgeous, 4e19ae49d8f8ed85850720a386d5f00b
Ellie, Walker, ellie.walker@example.com, 24, female, redzebra973, concord, c5888f620f12bf483f54b002ef025086
Felipe, Alvarez, felipe.alvarez@example.com, 27, male, tinywolf650, goirish, 1cdb1cfabbac31bc8a21c5297d47a88f
Ryan, Walker, ryan.walker@example.com, 35, male, yellowmeercat338, chuckles, c5f5c35fd988fe90a26143f2e1ff99d3
Kübra, Limoncuoğlu, kubra.limoncuoglu@example.com, 23, female, organiccat912, fowler, c9e860512258964616368fd73a9c4e6a
آوین, احمدی, awyn.hmdy@example.com, 61, female, ticklishladybug263, santafe, e003919dd461271e6be80f67041e1002
Michelle, Knudsen, michelle.knudsen@example.com, 33, female, angrybutterfly573, internal, af9cb81689a33f4abbe345bf6f6ded25
عسل, قاسمی, aasl.qsmy@example.com, 70, female, heavyswan821, portugal, f7840c5a89e51e6aca503d7eed81e8b3
Uwe, Tittel, uwe.tittel@example.com, 41, male, purplezebra109, matrix1, 32d1d0771a8d3266e1a3a049ece963fd
كيان, گلشن, kyn.glshn@example.com, 36, male, tinydog594, misha, fd72480a94d1393ab4f67cea658d0965
Aidan, Wright, aidan.wright@example.com, 74, male, redgorilla893, sundance, 35026e531efd4283d3db60ee3f357d44
Asher, Wilson, asher.wilson@example.com, 46, male, brownladybug735, overkill, 1d56af27095983277dbb73f18bb0ee01
Gabriella, Wojcik, gabriella.wojcik@example.com, 67, female, goldendog397, cook, 6410677a9af5b74245d8bbb174f38d5b
Chester, Pigmans, chester.pigmans@example.com, 42, male, redgorilla511, busted, 4fa61fe4366e27551774d8bb2350ac68
Juan, Gonzalez, juan.gonzalez@example.com, 57, male, orangeladybug190, viper, 742fa140a474bfd16c6525d330a53f37
Ellen, Mack, ellen.mack@example.com, 22, female, yellowpeacock243, zone, e8127369cd84f0b9474df517cdd6c780
Damião, Moreira, damiao.moreira@example.com, 45, male, heavyelephant966, season, 25f28d8b044895cae79c62067b3d646e
Gema, Gallego, gema.gallego@example.com, 46, female, crazyleopard317, 20202020, ca113f349b6f48e6a4e00244e7be6d9c
Jenny, Kelley, jenny.kelley@example.com, 51, female, organicfish269, dougie, ee695609220b3e04ba4247600e2dc0b1
Violeta, Nunes, violeta.nunes@example.com, 55, female, bigmeercat214, woods, 3e3735dde4ebe95150f7fe29217c636b
Camille, Blanc, camille.blanc@example.com, 35, female, bluemouse562, snoopy1, 6a44f7af82a222436fa890523a236cd3
Elle, Said, elle.said@example.com, 71, female, crazyzebra103, walker, d558dc5c25c42bcf9e566b178f3c93a2
کیمیا, سهيلي راد, khymy.shylyrd@example.com, 31, female, lazywolf905, bigones, 2e3c4407228ee405a42a71fa796c0a05
Hannah, Edwards, hannah.edwards@example.com, 63, female, beautifulbutterfly522, anything, c73d751cb4153ff32bd95dedb2191787
Bendavid, Araújo, bendavid.araujo@example.com, 32, male, brownlion727, moore, e88100dca6dad0fe0f223bdd95fe9b0d
Alberto, Roman, alberto.roman@example.com, 71, male, blackrabbit590, jeeper, d4b784a4baa8a4b88805e3b5b8c920f0
Anton, Nielsen, anton.nielsen@example.com, 70, male, crazyleopard117, rubber, 8cfd26855b7f48be5c29dd27d1afb235
Andreas, Christensen, andreas.christensen@example.com, 51, male, orangepanda843, astrid, 9a82bc9a4deff343c58f9ac98ee0ad33
Tonya, Hughes, tonya.hughes@example.com, 69, female, blackduck697, marine1, f82cac5371495cba66a24d81d55d7b56
Jose, Gray, jose.gray@example.com, 25, male, orangebear355, newark, 80790d93e138af370ad1709dac62ce8e
Esma, Akbulut, esma.akbulut@example.com, 30, female, silverlion330, ingrid, 34eb3d135d215aa51adf9d06c6f7e0af
Djay, Groenewold, djay.groenewold@example.com, 46, male, ticklishgoose553, london1, 1527788e582ad3ba96237ca4ad9eaa17
Isobel, Robinson, isobel.robinson@example.com, 68, female, crazyelephant773, lowell, 21e2a50cc97c830d20b91fc066770ad0
Rosalia, Thaler, rosalia.thaler@example.com, 60, female, blackfrog842, laser, 2192afa0f87bffbb3abbb36725864dd8
Ariane, Harcourt, ariane.harcourt@example.com, 57, female, yellowelephant924, kitten, 1d7b89e99592e2b83b058de401a3182e
Léo, Blanchard, leo.blanchard@example.com, 31, male, ticklishkoala385, 54321, 5439cdac7d7de15424491317f7bf9948
Anneli, Lundal, anneli.lundal@example.com, 33, female, ticklishbear154, benson, b6cea4a571ae0584e0b2469447c54e33
Guillermo, Velasco, guillermo.velasco@example.com, 69, male, angrywolf906, anfield, cf4889f055b41260f455c93f8cd96698
Jessica, Simpson, jessica.simpson@example.com, 55, female, crazypanda182, miller1, 825181d3421fc8b2af45735927126511
Bruce, Harvey, bruce.harvey@example.com, 31, male, silverpeacock339, master, 4f6381bea71fbb1e91abf6bb0e6e8e23
Vivan, Rhodes, vivan.rhodes@example.com, 72, female, crazypeacock515, paragon, c8037c080d18eb91b605b6bde793dfd5
Alex, Allen, alex.allen@example.com, 45, female, yellowduck348, fishbone, bbd8b5d8dfdb3242eb6b9efcc87d61a2
Leroy, Perkins, leroy.perkins@example.com, 31, male, greenswan674, pinky1, 0d1e06dce35f4c1892726c3e96865302
Hans-Peter, Charles, hans-peter.charles@example.com, 57, male, organicsnake116, precious, 18281e7b5253d56d70934964e828ce09
Alex, Fontai, alex.fontai@example.com, 69, male, beautifulcat417, coffee, 054358b129cf165fe4d437f9062b6dee
Jolanda, Rey, jolanda.rey@example.com, 57, female, greenfrog146, water, e75ec224d7607af910e36281e772ffe8
Anita, Rumpf, anita.rumpf@example.com, 41, female, yellowduck931, 1michael, dd38c6292f2435ca820a8358198ed053
Lorraine, Brewer, lorraine.brewer@example.com, 46, female, whitepanda804, zephyr, ab3d0dce0064b640d8078899be5246e4
Clayton, Sutton, clayton.sutton@example.com, 68, male, tinykoala460, kittycat, 20082d9d2c66e534b5fe1f563f347158
Valentin, Andre, valentin.andre@example.com, 40, male, greenleopard968, enrico, 80e9836e6337e3e772aa61cf46df6f81
Edgar, Flores, edgar.flores@example.com, 62, male, beautifulbear155, krissy, 24ce3a80524291bd7cfd538a08bac742
Chad, Bowman, chad.bowman@example.com, 59, male, greentiger778, hillary, 9b89022a3768b649b200d802fd5e65d5
George, Elliott, george.elliott@example.com, 48, male, purplebird126, jane, f2e1b9561c162ca4585c7a14a09cfe25
Naim, Schmitt, naim.schmitt@example.com, 43, male, smallpanda748, woodwork, 890c759740272606acae0390a7f0500a
Yasemin, Aclan, yasemin.aclan@example.com, 34, female, tinyfish167, tennesse, babcf459491b34ea43a4c79f83d4012c
Jakob, Rorije, jakob.rorije@example.com, 51, male, smallmouse382, mclaren, 93208e7b6352d9b50e2b20b9ffb17619
Jayden, Gibson, jayden.gibson@example.com, 58, male, silverpeacock860, dragon, c1b0ccc19a33628662ec40f2fdf71727
Luis, Kennedy, luis.kennedy@example.com, 25, male, ticklishbutterfly563, 1101, 2401b878450d4c128396564253890211
Toby, Johnson, toby.johnson@example.com, 28, male, redmouse888, complete, ea338d0aa213d7fb244d2fc60a2d7bef
Abby, Lynch, abby.lynch@example.com, 30, female, angrymeercat566, jagger, 52ff7b586c391c7359b26c715858d766
Jeremiah, Boyd, jeremiah.boyd@example.com, 48, male, heavywolf931, attila, 4b4097a28bc5dea1a47bdd1562effb2a
Malika, Dupont, malika.dupont@example.com, 26, female, brownfrog578, cantona, 79075f03fde66f2d167a9ae451d954e2
Vildan, Uluhan, vildan.uluhan@example.com, 55, female, redbear167, passwd, 4ff355a2ca0055bb7b6bc1603a425361
Matéo, Dumas, mateo.dumas@example.com, 42, male, redleopard583, crunch, 89e3e7e5e8238e2184508fcc2ea30edb
Sofia, Madsen, sofia.madsen@example.com, 57, female, lazymouse400, mack, 1f511f53faa3c6a5f1af66fe05321829
Dwight, Wilson, dwight.wilson@example.com, 22, male, angrywolf512, blacklab, 65ed055889d65ae2e4c71261805883ee
Lael, Peixoto, lael.peixoto@example.com, 49, male, bigmeercat135, maxima, 8fa01fda966b7c76c90e0ac936de121f
Kuzey, Adal, kuzey.adal@example.com, 61, male, ticklishpanda541, kahuna, aeb1fe669c624fcb37f2d28776d86af3
Dominic, Ten Napel, dominic.tennapel@example.com, 42, female, beautifulgoose890, gemini, cb6ffe40d77e73a394a9ffcab0c9c076
النا, نكو نظر, ln.nkwnzr@example.com, 63, female, blackzebra717, 1991, b23684e609b8cf135c5f493e0eb409d3
Florent, Faure, florent.faure@example.com, 70, male, silverfish874, rage, 57a449d71bfa1ba087b25c593565776d
Pauline, Pierre, pauline.pierre@example.com, 64, female, heavylion358, boozer, 4471e88934a12f3806f8306d281e6b3e
Mirjam, Dupont, mirjam.dupont@example.com, 36, female, lazygoose292, stryker, 9daa3fe89f6ebb4a8a7504d981acdd51
Paige, Cooper, paige.cooper@example.com, 65, female, sadcat304, padres, c91e4c0a3c0b9137b9464c6c45f7684e
Claudia, Guillaume, claudia.guillaume@example.com, 37, female, organicfish266, daisy, 7d40488486d90534ca2855ef4a0cb25c
آدرینا, كامياران, adryn.kmyrn@example.com, 42, female, tinyfrog263, nope, 54fc66c08c88d4f99b52a8e3c69af769
Pablo, Perez, pablo.perez@example.com, 43, male, silverbutterfly978, buzzer, 9631e655f7344e022242164a15032f53
Marcus, Rasmussen, marcus.rasmussen@example.com, 48, male, bigelephant258, elite, 4f4e5473b0ebd1fc4b2f7e861a09ca23
Dario, Robin, dario.robin@example.com, 48, male, blackgoose276, nude, 63b304e84211e5988ab0f7b9299ac6a6
Kitty, Wade, kitty.wade@example.com, 32, female, redrabbit553, 333333, 277fc00d9cc4fca2abf4cde1944a1fd1
Yvette, Heintz, yvette.heintz@example.com, 54, female, organicfish687, mitch, 79f96d09df639c8d273febadfbfbc834
Marlen, Leroy, marlen.leroy@example.com, 65, female, silverelephant420, steven, 6470714c060d46bc3667f0bdc6d79c9a
